type,from,to,level_from,level_to,span,confidence,note
cross_level,app.js,js/常量.js,12,0,12,high,层级为最长路径深度而非语义分层；跨层本身不是缺陷
cross_level,app.js,js/文本工具.js,12,1,11,high,层级为最长路径深度而非语义分层；跨层本身不是缺陷
cross_level,app.js,js/状态.js,12,1,11,high,层级为最长路径深度而非语义分层；跨层本身不是缺陷
cross_level,app.js,js/阅读统计.js,12,0,12,high,层级为最长路径深度而非语义分层；跨层本身不是缺陷
cross_level,app.js,js/前台停留.js,12,2,10,high,层级为最长路径深度而非语义分层；跨层本身不是缺陷
cross_level,app.js,js/错误提示.js,12,2,10,high,层级为最长路径深度而非语义分层；跨层本身不是缺陷
cross_level,app.js,js/排版引擎.js,12,3,9,high,层级为最长路径深度而非语义分层；跨层本身不是缺陷
cross_level,app.js,js/文本管线.js,12,2,10,high,层级为最长路径深度而非语义分层；跨层本身不是缺陷
cross_level,app.js,js/虚拟渲染.js,12,4,8,high,层级为最长路径深度而非语义分层；跨层本身不是缺陷
cross_level,app.js,js/关键词.js,12,7,5,high,层级为最长路径深度而非语义分层；跨层本身不是缺陷
cross_level,app.js,js/指示器.js,12,6,6,high,层级为最长路径深度而非语义分层；跨层本身不是缺陷
cross_level,app.js,js/面板.js,12,5,7,high,层级为最长路径深度而非语义分层；跨层本身不是缺陷
cross_level,app.js,js/滚动条.js,12,5,7,high,层级为最长路径深度而非语义分层；跨层本身不是缺陷
cross_level,app.js,js/跳转动画.js,12,7,5,high,层级为最长路径深度而非语义分层；跨层本身不是缺陷
cross_level,app.js,js/自动滚动.js,12,8,4,high,层级为最长路径深度而非语义分层；跨层本身不是缺陷
cross_level,app.js,js/字体设置.js,12,8,4,high,层级为最长路径深度而非语义分层；跨层本身不是缺陷
cross_level,app.js,js/持久化.js,12,4,8,high,层级为最长路径深度而非语义分层；跨层本身不是缺陷
cross_level,app.js,js/查找弹窗.js,12,8,4,high,层级为最长路径深度而非语义分层；跨层本身不是缺陷
cross_level,app.js,js/词频弹窗.js,12,2,10,high,层级为最长路径深度而非语义分层；跨层本身不是缺陷
cross_level,app.js,js/内容选择弹窗.js,12,9,3,high,层级为最长路径深度而非语义分层；跨层本身不是缺陷
cross_level,app.js,js/键盘控制.js,12,9,3,high,层级为最长路径深度而非语义分层；跨层本身不是缺陷
cross_level,app.js,js/关键词手势.js,12,10,2,high,层级为最长路径深度而非语义分层；跨层本身不是缺陷
cross_level,app.js,js/右下控件.js,12,1,11,high,层级为最长路径深度而非语义分层；跨层本身不是缺陷
cross_level,app.js,js/章节索引.js,12,2,10,high,层级为最长路径深度而非语义分层；跨层本身不是缺陷
cross_level,app.js,js/章节目录.js,12,3,9,high,层级为最长路径深度而非语义分层；跨层本身不是缺陷
cross_level,js/关键词.js,js/常量.js,7,0,7,high,层级为最长路径深度而非语义分层；跨层本身不是缺陷
cross_level,js/关键词.js,js/状态.js,7,1,6,high,层级为最长路径深度而非语义分层；跨层本身不是缺陷
cross_level,js/关键词.js,js/虚拟渲染.js,7,4,3,high,层级为最长路径深度而非语义分层；跨层本身不是缺陷
cross_level,js/关键词.js,js/搜索.js,7,2,5,high,层级为最长路径深度而非语义分层；跨层本身不是缺陷
cross_level,js/关键词.js,js/持久化.js,7,4,3,high,层级为最长路径深度而非语义分层；跨层本身不是缺陷
cross_level,js/关键词.js,js/文本工具.js,7,1,6,high,层级为最长路径深度而非语义分层；跨层本身不是缺陷
cross_level,js/关键词手势.js,js/常量.js,10,0,10,high,层级为最长路径深度而非语义分层；跨层本身不是缺陷
cross_level,js/关键词手势.js,js/状态.js,10,1,9,high,层级为最长路径深度而非语义分层；跨层本身不是缺陷
cross_level,js/内容选择弹窗.js,js/常量.js,9,0,9,high,层级为最长路径深度而非语义分层；跨层本身不是缺陷
cross_level,js/内容选择弹窗.js,js/调度.js,9,1,8,high,层级为最长路径深度而非语义分层；跨层本身不是缺陷
cross_level,js/内容选择弹窗.js,js/文本工具.js,9,1,8,high,层级为最长路径深度而非语义分层；跨层本身不是缺陷
cross_level,js/内容选择弹窗.js,js/状态.js,9,1,8,high,层级为最长路径深度而非语义分层；跨层本身不是缺陷
cross_level,js/内容选择弹窗.js,js/统计展示.js,9,2,7,high,层级为最长路径深度而非语义分层；跨层本身不是缺陷
cross_level,js/内容选择弹窗.js,js/持久化.js,9,4,5,high,层级为最长路径深度而非语义分层；跨层本身不是缺陷
cross_level,js/字体设置.js,js/常量.js,8,0,8,high,层级为最长路径深度而非语义分层；跨层本身不是缺陷
cross_level,js/字体设置.js,js/状态.js,8,1,7,high,层级为最长路径深度而非语义分层；跨层本身不是缺陷
cross_level,js/字体设置.js,js/排版引擎.js,8,3,5,high,层级为最长路径深度而非语义分层；跨层本身不是缺陷
cross_level,js/字体设置.js,js/虚拟渲染.js,8,4,4,high,层级为最长路径深度而非语义分层；跨层本身不是缺陷
cross_level,js/字体设置.js,js/指示器.js,8,6,2,high,层级为最长路径深度而非语义分层；跨层本身不是缺陷
cross_level,js/字体设置.js,js/持久化.js,8,4,4,high,层级为最长路径深度而非语义分层；跨层本身不是缺陷
cross_level,js/持久化.js,js/常量.js,4,0,4,high,层级为最长路径深度而非语义分层；跨层本身不是缺陷
cross_level,js/持久化.js,js/状态.js,4,1,3,high,层级为最长路径深度而非语义分层；跨层本身不是缺陷
cross_level,js/持久化.js,js/前台停留.js,4,2,2,high,层级为最长路径深度而非语义分层；跨层本身不是缺陷
cross_level,js/持久化.js,js/文本工具.js,4,1,3,high,层级为最长路径深度而非语义分层；跨层本身不是缺陷
cross_level,js/指示器.js,js/常量.js,6,0,6,high,层级为最长路径深度而非语义分层；跨层本身不是缺陷
cross_level,js/指示器.js,js/状态.js,6,1,5,high,层级为最长路径深度而非语义分层；跨层本身不是缺陷
cross_level,js/指示器.js,js/搜索.js,6,2,4,high,层级为最长路径深度而非语义分层；跨层本身不是缺陷
cross_level,js/排版引擎.js,js/常量.js,3,0,3,high,层级为最长路径深度而非语义分层；跨层本身不是缺陷
cross_level,js/排版引擎.js,js/调度.js,3,1,2,high,层级为最长路径深度而非语义分层；跨层本身不是缺陷
cross_level,js/排版引擎.js,js/文本工具.js,3,1,2,high,层级为最长路径深度而非语义分层；跨层本身不是缺陷
cross_level,js/排版引擎.js,js/状态.js,3,1,2,high,层级为最长路径深度而非语义分层；跨层本身不是缺陷
cross_level,js/文本管线.js,js/常量.js,2,0,2,high,层级为最长路径深度而非语义分层；跨层本身不是缺陷
cross_level,js/查找弹窗.js,js/常量.js,8,0,8,high,层级为最长路径深度而非语义分层；跨层本身不是缺陷
cross_level,js/查找弹窗.js,js/文本工具.js,8,1,7,high,层级为最长路径深度而非语义分层；跨层本身不是缺陷
cross_level,js/查找弹窗.js,js/调度.js,8,1,7,high,层级为最长路径深度而非语义分层；跨层本身不是缺陷
cross_level,js/查找弹窗.js,js/状态.js,8,1,7,high,层级为最长路径深度而非语义分层；跨层本身不是缺陷
cross_level,js/查找弹窗.js,js/排版引擎.js,8,3,5,high,层级为最长路径深度而非语义分层；跨层本身不是缺陷
cross_level,js/查找弹窗.js,js/虚拟渲染.js,8,4,4,high,层级为最长路径深度而非语义分层；跨层本身不是缺陷
cross_level,js/查找弹窗.js,js/指示器.js,8,6,2,high,层级为最长路径深度而非语义分层；跨层本身不是缺陷
cross_level,js/查找弹窗.js,js/持久化.js,8,4,4,high,层级为最长路径深度而非语义分层；跨层本身不是缺陷
cross_level,js/正文交互.js,js/常量.js,11,0,11,high,层级为最长路径深度而非语义分层；跨层本身不是缺陷
cross_level,js/正文交互.js,js/状态.js,11,1,10,high,层级为最长路径深度而非语义分层；跨层本身不是缺陷
cross_level,js/正文交互.js,js/关键词.js,11,7,4,high,层级为最长路径深度而非语义分层；跨层本身不是缺陷
cross_level,js/正文交互.js,js/键盘控制.js,11,9,2,high,层级为最长路径深度而非语义分层；跨层本身不是缺陷
cross_level,js/正文交互.js,js/虚拟渲染.js,11,4,7,high,层级为最长路径深度而非语义分层；跨层本身不是缺陷
cross_level,js/正文交互.js,js/指示器.js,11,6,5,high,层级为最长路径深度而非语义分层；跨层本身不是缺陷
cross_level,js/正文交互.js,js/跳转动画.js,11,7,4,high,层级为最长路径深度而非语义分层；跨层本身不是缺陷
cross_level,js/正文交互.js,js/持久化.js,11,4,7,high,层级为最长路径深度而非语义分层；跨层本身不是缺陷
cross_level,js/滚动条.js,js/常量.js,5,0,5,high,层级为最长路径深度而非语义分层；跨层本身不是缺陷
cross_level,js/滚动条.js,js/状态.js,5,1,4,high,层级为最长路径深度而非语义分层；跨层本身不是缺陷
cross_level,js/滚动条.js,js/排版引擎.js,5,3,2,high,层级为最长路径深度而非语义分层；跨层本身不是缺陷
cross_level,js/滚动条.js,js/统计展示.js,5,2,3,high,层级为最长路径深度而非语义分层；跨层本身不是缺陷
cross_level,js/滚动条.js,js/章节目录.js,5,3,2,high,层级为最长路径深度而非语义分层；跨层本身不是缺陷
cross_level,js/章节目录.js,js/状态.js,3,1,2,high,层级为最长路径深度而非语义分层；跨层本身不是缺陷
cross_level,js/自动滚动.js,js/常量.js,8,0,8,high,层级为最长路径深度而非语义分层；跨层本身不是缺陷
cross_level,js/自动滚动.js,js/状态.js,8,1,7,high,层级为最长路径深度而非语义分层；跨层本身不是缺陷
cross_level,js/自动滚动.js,js/排版引擎.js,8,3,5,high,层级为最长路径深度而非语义分层；跨层本身不是缺陷
cross_level,js/自动滚动.js,js/虚拟渲染.js,8,4,4,high,层级为最长路径深度而非语义分层；跨层本身不是缺陷
cross_level,js/自动滚动.js,js/滚动条.js,8,5,3,high,层级为最长路径深度而非语义分层；跨层本身不是缺陷
cross_level,js/自动滚动.js,js/统计展示.js,8,2,6,high,层级为最长路径深度而非语义分层；跨层本身不是缺陷
cross_level,js/自动滚动.js,js/持久化.js,8,4,4,high,层级为最长路径深度而非语义分层；跨层本身不是缺陷
cross_level,js/虚拟渲染.js,js/常量.js,4,0,4,high,层级为最长路径深度而非语义分层；跨层本身不是缺陷
cross_level,js/虚拟渲染.js,js/文本工具.js,4,1,3,high,层级为最长路径深度而非语义分层；跨层本身不是缺陷
cross_level,js/虚拟渲染.js,js/状态.js,4,1,3,high,层级为最长路径深度而非语义分层；跨层本身不是缺陷
cross_level,js/虚拟渲染.js,js/搜索.js,4,2,2,high,层级为最长路径深度而非语义分层；跨层本身不是缺陷
cross_level,js/词频弹窗.js,js/常量.js,2,0,2,high,层级为最长路径深度而非语义分层；跨层本身不是缺陷
cross_level,js/跳转动画.js,js/常量.js,7,0,7,high,层级为最长路径深度而非语义分层；跨层本身不是缺陷
cross_level,js/跳转动画.js,js/状态.js,7,1,6,high,层级为最长路径深度而非语义分层；跨层本身不是缺陷
cross_level,js/跳转动画.js,js/排版引擎.js,7,3,4,high,层级为最长路径深度而非语义分层；跨层本身不是缺陷
cross_level,js/跳转动画.js,js/虚拟渲染.js,7,4,3,high,层级为最长路径深度而非语义分层；跨层本身不是缺陷
cross_level,js/跳转动画.js,js/滚动条.js,7,5,2,high,层级为最长路径深度而非语义分层；跨层本身不是缺陷
cross_level,js/跳转动画.js,js/持久化.js,7,4,3,high,层级为最长路径深度而非语义分层；跨层本身不是缺陷
cross_level,js/键盘控制.js,js/常量.js,9,0,9,high,层级为最长路径深度而非语义分层；跨层本身不是缺陷
cross_level,js/键盘控制.js,js/状态.js,9,1,8,high,层级为最长路径深度而非语义分层；跨层本身不是缺陷
cross_level,js/键盘控制.js,js/面板.js,9,5,4,high,层级为最长路径深度而非语义分层；跨层本身不是缺陷
cross_level,js/键盘控制.js,js/词频弹窗.js,9,2,7,high,层级为最长路径深度而非语义分层；跨层本身不是缺陷
cross_level,js/键盘控制.js,js/虚拟渲染.js,9,4,5,high,层级为最长路径深度而非语义分层；跨层本身不是缺陷
cross_level,js/键盘控制.js,js/指示器.js,9,6,3,high,层级为最长路径深度而非语义分层；跨层本身不是缺陷
cross_level,js/键盘控制.js,js/跳转动画.js,9,7,2,high,层级为最长路径深度而非语义分层；跨层本身不是缺陷
cross_level,js/键盘控制.js,js/持久化.js,9,4,5,high,层级为最长路径深度而非语义分层；跨层本身不是缺陷
cross_level,js/面板.js,js/常量.js,5,0,5,high,层级为最长路径深度而非语义分层；跨层本身不是缺陷
cross_level,js/面板.js,js/状态.js,5,1,4,high,层级为最长路径深度而非语义分层；跨层本身不是缺陷
cross_level,js/面板.js,js/搜索.js,5,2,3,high,层级为最长路径深度而非语义分层；跨层本身不是缺陷
unstable_shared,js/滚动条.js,,-,-,-,high,I=0.60 且爆炸半径=11：不稳定抽象被大量模块依赖
unstable_shared,js/跳转动画.js,,-,-,-,high,I=0.54 且爆炸半径=8：不稳定抽象被大量模块依赖
unstable_shared,js/面板.js,,-,-,-,high,I=0.57 且爆炸半径=11：不稳定抽象被大量模块依赖
